,col_name,feature_importance_vals
52,tGravityAcc-min()-X,2648.190185546875
9,tBodyAcc-max()-X,699.4161987304688
302,"fBodyAcc-bandsEnergy()-1,8",469.1519470214844
179,tBodyGyroJerk-iqr()-X,404.7247009277344
50,tGravityAcc-max()-Y,379.14239501953125
129,tBodyGyro-max()-X,366.9791564941406
89,tBodyAccJerk-max()-X,359.43084716796875
40,tGravityAcc-mean()-X,355.2786560058594
37,"tBodyAcc-correlation()-X,Y",344.42333984375
461,"fBodyGyro-bandsEnergy()-9,16",316.9010925292969
504,fBodyAccMag-mad(),309.51385498046875
450,fBodyGyro-maxInds-Z,303.1473693847656
503,fBodyAccMag-std(),288.6277160644531
16,tBodyAcc-energy()-X,280.2060241699219
138,tBodyGyro-energy()-Z,254.58822631835938
330,"fBodyAcc-bandsEnergy()-1,8.2",253.8839569091797
22,tBodyAcc-entropy()-X,241.84657287597656
53,tGravityAcc-min()-Y,220.05422973632812
448,fBodyGyro-maxInds-X,219.28704833984375
41,tGravityAcc-mean()-Y,212.9816436767578
518,fBodyBodyAccJerkMag-max(),210.1077117919922
132,tBodyGyro-min()-X,187.4499053955078
409,"fBodyAccJerk-bandsEnergy()-1,8.2",174.65667724609375
537,fBodyBodyGyroMag-maxInds,159.33494567871094
139,tBodyGyro-iqr()-X,156.7120819091797
434,fBodyGyro-max()-Z,155.11769104003906
57,tGravityAcc-energy()-Y,146.4733123779297
274,fBodyAcc-max()-X,138.40440368652344
429,fBodyGyro-mad()-X,136.6095733642578
509,fBodyAccMag-iqr(),136.45252990722656
91,tBodyAccJerk-max()-Z,126.57463073730469
13,tBodyAcc-min()-Y,118.98043060302734
386,"fBodyAccJerk-bandsEnergy()-41,48",118.21431732177734
65,"tGravityAcc-arCoeff()-X,1",116.33634185791016
24,tBodyAcc-entropy()-Z,114.45149230957031
102,tBodyAccJerk-entropy()-X,106.3216323852539
135,tBodyGyro-sma(),105.13664245605469
451,fBodyGyro-meanFreq()-X,104.14166259765625
141,tBodyGyro-iqr()-Z,102.95155334472656
54,tGravityAcc-min()-Z,102.75708770751953
348,fBodyAccJerk-std()-Y,96.746826171875
316,"fBodyAcc-bandsEnergy()-1,8.1",95.05176544189453
73,"tGravityAcc-arCoeff()-Z,1",92.19691467285156
490,"fBodyGyro-bandsEnergy()-17,24.2",92.0439453125
458,fBodyGyro-skewness()-Z,87.67821502685547
268,fBodyAcc-std()-X,87.644287109375
433,fBodyGyro-max()-Y,85.17984771728516
432,fBodyGyro-max()-X,82.29802703857422
202,tBodyAccMag-mad(),80.96934509277344
526,fBodyBodyAccJerkMag-skewness(),80.89238739013672
259,tBodyGyroJerkMag-iqr(),78.02313232421875
87,tBodyAccJerk-mad()-Y,75.54502868652344
159,"tBodyGyro-correlation()-Y,Z",74.33377838134766
559,"angle(Y,gravityMean)",73.66307830810547
62,tGravityAcc-entropy()-X,68.2666244506836
318,"fBodyAcc-bandsEnergy()-17,24.1",67.93449401855469
186,"tBodyGyroJerk-arCoeff()-X,2",67.8213119506836
369,fBodyAccJerk-maxInds-X,67.49813079833984
140,tBodyGyro-iqr()-Y,67.30520629882812
90,tBodyAccJerk-max()-Y,66.56641387939453
470,"fBodyGyro-bandsEnergy()-33,48",66.00019073486328
558,"angle(X,gravityMean)",65.77539825439453
510,fBodyAccMag-entropy(),65.66242980957031
426,fBodyGyro-std()-X,65.63275146484375
42,tGravityAcc-mean()-Z,64.80966186523438
74,"tGravityAcc-arCoeff()-Z,2",64.68408966064453
69,"tGravityAcc-arCoeff()-Y,1",64.30915832519531
465,"fBodyGyro-bandsEnergy()-41,48",64.21839904785156
351,fBodyAccJerk-mad()-Y,63.51204299926758
296,fBodyAcc-skewness()-X,62.96515655517578
556,"angle(tBodyGyroMean,gravityMean)",60.153297424316406
459,fBodyGyro-kurtosis()-Z,59.20939636230469
209,tBodyAccMag-arCoeff()1,58.55894470214844
142,tBodyGyro-entropy()-X,57.99691390991211
317,"fBodyAcc-bandsEnergy()-9,16.1",57.61227798461914
295,fBodyAcc-meanFreq()-Z,57.1239013671875
396,"fBodyAccJerk-bandsEnergy()-9,16.1",56.73965835571289
66,"tGravityAcc-arCoeff()-X,2",56.6517333984375
70,"tGravityAcc-arCoeff()-Y,2",56.158302307128906
374,fBodyAccJerk-meanFreq()-Z,54.956626892089844
101,tBodyAccJerk-iqr()-Z,54.61128616333008
163,tBodyGyroJerk-std()-X,52.618038177490234
354,fBodyAccJerk-max()-Y,51.74018859863281
58,tGravityAcc-energy()-Z,50.694915771484375
310,"fBodyAcc-bandsEnergy()-1,16",47.730377197265625
36,"tBodyAcc-arCoeff()-Z,4",45.39535903930664
149,"tBodyGyro-arCoeff()-Y,1",44.792293548583984
505,fBodyAccMag-max(),43.21863555908203
113,"tBodyAccJerk-arCoeff()-Z,1",43.03924560546875
75,"tGravityAcc-arCoeff()-Z,3",42.819976806640625
560,"angle(Z,gravityMean)",42.637123107910156
92,tBodyAccJerk-min()-X,40.218505859375
71,"tGravityAcc-arCoeff()-Y,3",39.975730895996094
171,tBodyGyroJerk-max()-Z,39.73613739013672
417,"fBodyAccJerk-bandsEnergy()-1,16.2",39.40176010131836
544,fBodyBodyGyroJerkMag-max(),38.81916809082031
196,"tBodyGyroJerk-arCoeff()-Z,4",38.43030548095703
23,tBodyAcc-entropy()-Y,37.60537338256836
501,"fBodyGyro-bandsEnergy()-25,48.2",36.9629020690918
104,tBodyAccJerk-entropy()-Z,35.1573600769043
457,fBodyGyro-kurtosis()-Y,34.772769927978516
275,fBodyAcc-max()-Y,34.1711540222168
449,fBodyGyro-maxInds-Y,33.86070251464844
472,"fBodyGyro-bandsEnergy()-1,24",30.74716567993164
474,"fBodyGyro-bandsEnergy()-1,8.1",30.685483932495117
185,"tBodyGyroJerk-arCoeff()-X,1",30.153648376464844
187,"tBodyGyroJerk-arCoeff()-X,3",29.876859664916992
247,tBodyGyroMag-entropy(),29.84516716003418
56,tGravityAcc-energy()-X,29.463348388671875
303,"fBodyAcc-bandsEnergy()-9,16",29.099254608154297
192,"tBodyGyroJerk-arCoeff()-Y,4",29.073680877685547
51,tGravityAcc-max()-Z,28.57796859741211
201,tBodyAccMag-std(),27.833932876586914
422,"fBodyAccJerk-bandsEnergy()-25,48.2",27.55611801147461
126,tBodyGyro-mad()-X,27.305776596069336
418,"fBodyAccJerk-bandsEnergy()-17,32.2",27.189590454101562
157,"tBodyGyro-correlation()-X,Y",27.082475662231445
372,fBodyAccJerk-meanFreq()-X,26.5606632232666
88,tBodyAccJerk-mad()-Z,25.498233795166016
269,fBodyAcc-std()-Y,25.20638656616211
120,tBodyGyro-mean()-X,23.9669189453125
160,tBodyGyroJerk-mean()-X,23.011642456054688
557,"angle(tBodyGyroJerkMean,gravityMean)",22.31015396118164
371,fBodyAccJerk-maxInds-Z,21.938297271728516
49,tGravityAcc-max()-X,21.58005714416504
38,"tBodyAcc-correlation()-X,Z",21.407878875732422
76,"tGravityAcc-arCoeff()-Z,4",21.261821746826172
502,fBodyAccMag-mean(),20.675594329833984
489,"fBodyGyro-bandsEnergy()-9,16.2",20.559965133666992
542,fBodyBodyGyroJerkMag-std(),20.34726905822754
233,tBodyAccJerkMag-iqr(),18.904748916625977
454,fBodyGyro-skewness()-X,18.901836395263672
497,"fBodyGyro-bandsEnergy()-17,32.2",17.513153076171875
199,"tBodyGyroJerk-correlation()-Y,Z",17.47945785522461
85,tBodyAccJerk-std()-Z,17.446128845214844
166,tBodyGyroJerk-mad()-X,17.092548370361328
28,"tBodyAcc-arCoeff()-X,4",16.806108474731445
391,"fBodyAccJerk-bandsEnergy()-33,48",16.421512603759766
184,tBodyGyroJerk-entropy()-Z,15.94955825805664
127,tBodyGyro-mad()-Y,15.852206230163574
332,"fBodyAcc-bandsEnergy()-17,24.2",15.629859924316406
527,fBodyBodyAccJerkMag-kurtosis(),14.73737907409668
112,"tBodyAccJerk-arCoeff()-Y,4",13.71727180480957
136,tBodyGyro-energy()-X,13.624032974243164
197,"tBodyGyroJerk-correlation()-X,Y",13.533044815063477
105,"tBodyAccJerk-arCoeff()-X,1",13.086527824401855
499,"fBodyGyro-bandsEnergy()-49,64.2",12.772379875183105
298,fBodyAcc-skewness()-Y,12.481887817382812
123,tBodyGyro-std()-X,12.440841674804688
3,tBodyAcc-std()-X,11.951066017150879
119,"tBodyAccJerk-correlation()-Y,Z",11.93503475189209
158,"tBodyGyro-correlation()-X,Z",11.931605339050293
194,"tBodyGyroJerk-arCoeff()-Z,2",11.6633939743042
431,fBodyGyro-mad()-Z,11.544119834899902
478,"fBodyGyro-bandsEnergy()-33,40.1",10.95872974395752
198,"tBodyGyroJerk-correlation()-X,Z",10.381368637084961
228,tBodyAccJerkMag-mad(),9.83604621887207
155,"tBodyGyro-arCoeff()-Z,3",9.786749839782715
276,fBodyAcc-max()-Z,9.759147644042969
400,"fBodyAccJerk-bandsEnergy()-41,48.1",9.679579734802246
452,fBodyGyro-meanFreq()-Y,9.617387771606445
292,fBodyAcc-maxInds-Z,9.580541610717773
456,fBodyGyro-skewness()-Y,9.484697341918945
4,tBodyAcc-std()-Y,9.458016395568848
145,"tBodyGyro-arCoeff()-X,1",9.05082893371582
291,fBodyAcc-maxInds-Y,8.875568389892578
64,tGravityAcc-entropy()-Z,8.627192497253418
460,"fBodyGyro-bandsEnergy()-1,8",8.575936317443848
355,fBodyAccJerk-max()-Z,8.534839630126953
95,tBodyAccJerk-sma(),8.520059585571289
93,tBodyAccJerk-min()-Y,8.507293701171875
106,"tBodyAccJerk-arCoeff()-X,2",8.429299354553223
128,tBodyGyro-mad()-Z,8.385226249694824
48,tGravityAcc-mad()-Z,8.252707481384277
538,fBodyBodyGyroMag-meanFreq(),8.214395523071289
117,"tBodyAccJerk-correlation()-X,Y",8.123984336853027
55,tGravityAcc-sma(),8.04014778137207
488,"fBodyGyro-bandsEnergy()-1,8.2",7.959169387817383
182,tBodyGyroJerk-entropy()-X,7.893784046173096
47,tGravityAcc-mad()-Y,7.5657124519348145
345,fBodyAccJerk-mean()-Y,7.2672438621521
455,fBodyGyro-kurtosis()-X,6.921281337738037
63,tGravityAcc-entropy()-Y,6.886262893676758
492,"fBodyGyro-bandsEnergy()-33,40.2",6.527332782745361
72,"tGravityAcc-arCoeff()-Y,4",6.417879581451416
170,tBodyGyroJerk-max()-Y,6.363672733306885
363,fBodyAccJerk-iqr()-X,6.248945236206055
468,"fBodyGyro-bandsEnergy()-1,16",6.141812801361084
44,tGravityAcc-std()-Y,6.128981590270996
445,fBodyGyro-entropy()-X,6.106215000152588
45,tGravityAcc-std()-Z,6.052057266235352
487,"fBodyGyro-bandsEnergy()-25,48.1",5.926525115966797
446,fBodyGyro-entropy()-Y,5.779850482940674
349,fBodyAccJerk-std()-Z,5.776332378387451
485,"fBodyGyro-bandsEnergy()-49,64.1",5.6641387939453125
122,tBodyGyro-mean()-Z,5.517845153808594
382,"fBodyAccJerk-bandsEnergy()-9,16",5.507353782653809
437,fBodyGyro-min()-Z,5.494210720062256
551,fBodyBodyGyroJerkMag-meanFreq(),5.440670967102051
10,tBodyAcc-max()-Y,5.297493934631348
300,fBodyAcc-skewness()-Z,5.281680583953857
248,tBodyGyroMag-arCoeff()1,5.266953945159912
358,fBodyAccJerk-min()-Z,5.204883575439453
545,fBodyBodyGyroJerkMag-min(),4.905426979064941
39,"tBodyAcc-correlation()-Y,Z",4.886723518371582
7,tBodyAcc-mad()-Y,4.768622875213623
512,fBodyAccMag-meanFreq(),4.670260429382324
144,tBodyGyro-entropy()-Z,4.615884304046631
463,"fBodyGyro-bandsEnergy()-25,32",4.565112113952637
143,tBodyGyro-entropy()-Y,4.459148406982422
421,"fBodyAccJerk-bandsEnergy()-1,24.2",4.398552417755127
293,fBodyAcc-meanFreq()-X,4.337707996368408
124,tBodyGyro-std()-Y,4.238536357879639
118,"tBodyAccJerk-correlation()-X,Z",4.025734901428223
388,"fBodyAccJerk-bandsEnergy()-57,64",3.9888525009155273
343,"fBodyAcc-bandsEnergy()-25,48.2",3.888532876968384
540,fBodyBodyGyroMag-kurtosis(),3.872161626815796
483,"fBodyGyro-bandsEnergy()-17,32.1",3.824692726135254
103,tBodyAccJerk-entropy()-Y,3.7992708683013916
443,fBodyGyro-iqr()-Y,3.7241337299346924
207,tBodyAccMag-iqr(),3.6503469944000244
271,fBodyAcc-mad()-X,3.4640896320343018
265,fBodyAcc-mean()-X,3.348813056945801
529,fBodyBodyGyroMag-std(),3.345684766769409
294,fBodyAcc-meanFreq()-Y,3.2902603149414062
491,"fBodyGyro-bandsEnergy()-25,32.2",3.2763116359710693
133,tBodyGyro-min()-Y,3.2134850025177
131,tBodyGyro-max()-Z,3.2048532962799072
539,fBodyBodyGyroMag-skewness(),3.1985299587249756
404,"fBodyAccJerk-bandsEnergy()-17,32.1",3.192932605743408
241,tBodyGyroMag-mad(),3.1845109462738037
370,fBodyAccJerk-maxInds-Y,3.1207425594329834
311,"fBodyAcc-bandsEnergy()-17,32",2.985079765319824
424,fBodyGyro-mean()-Y,2.9624621868133545
309,"fBodyAcc-bandsEnergy()-57,64",2.9475839138031006
387,"fBodyAccJerk-bandsEnergy()-49,56",2.9392008781433105
383,"fBodyAccJerk-bandsEnergy()-17,24",2.9272208213806152
480,"fBodyGyro-bandsEnergy()-49,56.1",2.860764503479004
193,"tBodyGyroJerk-arCoeff()-Z,1",2.682201385498047
411,"fBodyAccJerk-bandsEnergy()-17,24.2",2.4618587493896484
61,tGravityAcc-iqr()-Z,2.3671536445617676
1,tBodyAcc-mean()-Y,2.312183141708374
116,"tBodyAccJerk-arCoeff()-Z,4",2.281836748123169
519,fBodyBodyAccJerkMag-min(),2.2760822772979736
14,tBodyAcc-min()-Z,2.2593741416931152
555,"angle(tBodyAccJerkMean),gravityMean)",2.2151923179626465
324,"fBodyAcc-bandsEnergy()-1,16.1",2.186774969100952
169,tBodyGyroJerk-max()-X,2.1804511547088623
381,"fBodyAccJerk-bandsEnergy()-1,8",2.163618564605713
6,tBodyAcc-mad()-X,2.132345199584961
77,"tGravityAcc-correlation()-X,Y",2.110856771469116
284,fBodyAcc-iqr()-X,2.103647232055664
511,fBodyAccMag-maxInds,2.06471848487854
430,fBodyGyro-mad()-Y,2.0308585166931152
246,tBodyGyroMag-iqr(),1.9362279176712036
108,"tBodyAccJerk-arCoeff()-X,4",1.9055873155593872
531,fBodyBodyGyroMag-max(),1.8417214155197144
94,tBodyAccJerk-min()-Z,1.8353623151779175
181,tBodyGyroJerk-iqr()-Z,1.688010334968567
249,tBodyGyroMag-arCoeff()2,1.6294530630111694
464,"fBodyGyro-bandsEnergy()-33,40",1.6082051992416382
475,"fBodyGyro-bandsEnergy()-9,16.1",1.4768879413604736
35,"tBodyAcc-arCoeff()-Z,3",1.4637978076934814
272,fBodyAcc-mad()-Y,1.41498863697052
32,"tBodyAcc-arCoeff()-Y,4",1.3864737749099731
314,"fBodyAcc-bandsEnergy()-1,24",1.3812376260757446
18,tBodyAcc-energy()-Z,1.3320863246917725
513,fBodyAccMag-skewness(),1.3189692497253418
379,fBodyAccJerk-skewness()-Z,1.2991145849227905
243,tBodyGyroMag-min(),1.2843599319458008
312,"fBodyAcc-bandsEnergy()-33,48",1.2737982273101807
419,"fBodyAccJerk-bandsEnergy()-33,48.2",1.2620714902877808
290,fBodyAcc-maxInds-X,1.2294299602508545
471,"fBodyGyro-bandsEnergy()-49,64",1.2248417139053345
352,fBodyAccJerk-mad()-Z,1.188716173171997
273,fBodyAcc-mad()-Z,1.171426773071289
339,"fBodyAcc-bandsEnergy()-17,32.2",1.159500241279602
307,"fBodyAcc-bandsEnergy()-41,48",1.139150619506836
338,"fBodyAcc-bandsEnergy()-1,16.2",1.0925004482269287
12,tBodyAcc-min()-X,1.0651345252990723
210,tBodyAccMag-arCoeff()2,1.0530617237091064
435,fBodyGyro-min()-X,1.003801941871643
482,"fBodyGyro-bandsEnergy()-1,16.1",1.0027146339416504
380,fBodyAccJerk-kurtosis()-Z,0.99113529920578
525,fBodyBodyAccJerkMag-meanFreq(),0.953805148601532
493,"fBodyGyro-bandsEnergy()-41,48.2",0.9456949234008789
376,fBodyAccJerk-kurtosis()-X,0.9279258847236633
152,"tBodyGyro-arCoeff()-Y,4",0.8911725282669067
137,tBodyGyro-energy()-Y,0.8606478571891785
154,"tBodyGyro-arCoeff()-Z,2",0.821807861328125
80,tBodyAccJerk-mean()-X,0.7422530651092529
19,tBodyAcc-iqr()-X,0.6976326704025269
334,"fBodyAcc-bandsEnergy()-33,40.2",0.6944306492805481
516,fBodyBodyAccJerkMag-std(),0.689191997051239
473,"fBodyGyro-bandsEnergy()-25,48",0.6334962844848633
423,fBodyGyro-mean()-X,0.6262498497962952
256,tBodyGyroJerkMag-min(),0.613615870475769
373,fBodyAccJerk-meanFreq()-Y,0.5504134893417358
416,"fBodyAccJerk-bandsEnergy()-57,64.2",0.5450069308280945
188,"tBodyGyroJerk-arCoeff()-X,4",0.542775571346283
494,"fBodyGyro-bandsEnergy()-49,56.2",0.5424706935882568
327,"fBodyAcc-bandsEnergy()-49,64.1",0.5347256660461426
147,"tBodyGyro-arCoeff()-X,3",0.5063575506210327
331,"fBodyAcc-bandsEnergy()-9,16.2",0.5023754835128784
286,fBodyAcc-iqr()-Z,0.4475513994693756
204,tBodyAccMag-min(),0.43103399872779846
238,tBodyAccJerkMag-arCoeff()4,0.41848617792129517
0,tBodyAcc-mean()-X,0.3792572319507599
114,"tBodyAccJerk-arCoeff()-Z,2",0.36400192975997925
552,fBodyBodyGyroJerkMag-skewness(),0.34601321816444397
8,tBodyAcc-mad()-Z,0.3132360279560089
554,"angle(tBodyAccMean,gravity)",0.31094738841056824
191,"tBodyGyroJerk-arCoeff()-Y,3",0.30667635798454285
397,"fBodyAccJerk-bandsEnergy()-17,24.1",0.26601171493530273
250,tBodyGyroMag-arCoeff()3,0.26005062460899353
541,fBodyBodyGyroJerkMag-mean(),0.2562487721443176
167,tBodyGyroJerk-mad()-Y,0.25510653853416443
405,"fBodyAccJerk-bandsEnergy()-33,48.1",0.22253850102424622
399,"fBodyAccJerk-bandsEnergy()-33,40.1",0.19890597462654114
165,tBodyGyroJerk-std()-Z,0.19600608944892883
121,tBodyGyro-mean()-Y,0.1938980668783188
2,tBodyAcc-mean()-Z,0.17849594354629517
111,"tBodyAccJerk-arCoeff()-Y,3",0.16607603430747986
21,tBodyAcc-iqr()-Z,0.14266422390937805
60,tGravityAcc-iqr()-Y,0.13189056515693665
31,"tBodyAcc-arCoeff()-Y,3",0.10968594998121262
306,"fBodyAcc-bandsEnergy()-33,40",0.1084408313035965
375,fBodyAccJerk-skewness()-X,0.10776931047439575
453,fBodyGyro-meanFreq()-Z,0.10030536353588104
25,"tBodyAcc-arCoeff()-X,1",0.0753328800201416
195,"tBodyGyroJerk-arCoeff()-Z,3",0.04248470813035965
476,"fBodyGyro-bandsEnergy()-17,24.1",0.0
110,"tBodyAccJerk-arCoeff()-Y,2",0.0
161,tBodyGyroJerk-mean()-Y,0.0
156,"tBodyGyro-arCoeff()-Z,4",0.0
153,"tBodyGyro-arCoeff()-Z,1",0.0
151,"tBodyGyro-arCoeff()-Y,3",0.0
115,"tBodyAccJerk-arCoeff()-Z,3",0.0
150,"tBodyGyro-arCoeff()-Y,2",0.0
477,"fBodyGyro-bandsEnergy()-25,32.1",0.0
125,tBodyGyro-std()-Z,0.0
148,"tBodyGyro-arCoeff()-X,4",0.0
479,"fBodyGyro-bandsEnergy()-41,48.1",0.0
146,"tBodyGyro-arCoeff()-X,2",0.0
481,"fBodyGyro-bandsEnergy()-57,64.1",0.0
134,tBodyGyro-min()-Z,0.0
130,tBodyGyro-max()-Y,0.0
162,tBodyGyroJerk-mean()-Z,0.0
486,"fBodyGyro-bandsEnergy()-1,24.1",0.0
484,"fBodyGyro-bandsEnergy()-33,48.1",0.0
308,"fBodyAcc-bandsEnergy()-49,56",0.0
469,"fBodyGyro-bandsEnergy()-17,32",0.0
180,tBodyGyroJerk-iqr()-Y,0.0
440,fBodyGyro-energy()-Y,0.0
441,fBodyGyro-energy()-Z,0.0
442,fBodyGyro-iqr()-X,0.0
205,tBodyAccMag-sma(),0.0
444,fBodyGyro-iqr()-Z,0.0
203,tBodyAccMag-max(),0.0
200,tBodyAccMag-mean(),0.0
447,fBodyGyro-entropy()-Z,0.0
190,"tBodyGyroJerk-arCoeff()-Y,2",0.0
189,"tBodyGyroJerk-arCoeff()-Y,1",0.0
183,tBodyGyroJerk-entropy()-Y,0.0
178,tBodyGyroJerk-energy()-Z,0.0
164,tBodyGyroJerk-std()-Y,0.0
177,tBodyGyroJerk-energy()-Y,0.0
176,tBodyGyroJerk-energy()-X,0.0
175,tBodyGyroJerk-sma(),0.0
174,tBodyGyroJerk-min()-Z,0.0
173,tBodyGyroJerk-min()-Y,0.0
172,tBodyGyroJerk-min()-X,0.0
462,"fBodyGyro-bandsEnergy()-17,24",0.0
168,tBodyGyroJerk-mad()-Z,0.0
107,"tBodyAccJerk-arCoeff()-X,3",0.0
466,"fBodyGyro-bandsEnergy()-49,56",0.0
467,"fBodyGyro-bandsEnergy()-57,64",0.0
109,"tBodyAccJerk-arCoeff()-Y,1",0.0
99,tBodyAccJerk-iqr()-X,0.0
100,tBodyAccJerk-iqr()-Y,0.0
27,"tBodyAcc-arCoeff()-X,3",0.0
43,tGravityAcc-std()-X,0.0
34,"tBodyAcc-arCoeff()-Z,2",0.0
528,fBodyBodyGyroMag-mean(),0.0
33,"tBodyAcc-arCoeff()-Z,1",0.0
530,fBodyBodyGyroMag-mad(),0.0
532,fBodyBodyGyroMag-min(),0.0
533,fBodyBodyGyroMag-sma(),0.0
534,fBodyBodyGyroMag-energy(),0.0
535,fBodyBodyGyroMag-iqr(),0.0
536,fBodyBodyGyroMag-entropy(),0.0
30,"tBodyAcc-arCoeff()-Y,2",0.0
29,"tBodyAcc-arCoeff()-Y,1",0.0
26,"tBodyAcc-arCoeff()-X,2",0.0
495,"fBodyGyro-bandsEnergy()-57,64.2",0.0
543,fBodyBodyGyroJerkMag-mad(),0.0
20,tBodyAcc-iqr()-Y,0.0
546,fBodyBodyGyroJerkMag-sma(),0.0
547,fBodyBodyGyroJerkMag-energy(),0.0
548,fBodyBodyGyroJerkMag-iqr(),0.0
549,fBodyBodyGyroJerkMag-entropy(),0.0
550,fBodyBodyGyroJerkMag-maxInds,0.0
17,tBodyAcc-energy()-Y,0.0
553,fBodyBodyGyroJerkMag-kurtosis(),0.0
15,tBodyAcc-sma(),0.0
11,tBodyAcc-max()-Z,0.0
5,tBodyAcc-std()-Z,0.0
46,tGravityAcc-mad()-X,0.0
524,fBodyBodyAccJerkMag-maxInds,0.0
523,fBodyBodyAccJerkMag-entropy(),0.0
522,fBodyBodyAccJerkMag-iqr(),0.0
496,"fBodyGyro-bandsEnergy()-1,16.2",0.0
438,fBodyGyro-sma(),0.0
498,"fBodyGyro-bandsEnergy()-33,48.2",0.0
98,tBodyAccJerk-energy()-Z,0.0
500,"fBodyGyro-bandsEnergy()-1,24.2",0.0
97,tBodyAccJerk-energy()-Y,0.0
96,tBodyAccJerk-energy()-X,0.0
86,tBodyAccJerk-mad()-X,0.0
84,tBodyAccJerk-std()-Y,0.0
83,tBodyAccJerk-std()-X,0.0
506,fBodyAccMag-min(),0.0
507,fBodyAccMag-sma(),0.0
508,fBodyAccMag-energy(),0.0
82,tBodyAccJerk-mean()-Z,0.0
81,tBodyAccJerk-mean()-Y,0.0
79,"tGravityAcc-correlation()-Y,Z",0.0
78,"tGravityAcc-correlation()-X,Z",0.0
68,"tGravityAcc-arCoeff()-X,4",0.0
514,fBodyAccMag-kurtosis(),0.0
515,fBodyBodyAccJerkMag-mean(),0.0
67,"tGravityAcc-arCoeff()-X,3",0.0
517,fBodyBodyAccJerkMag-mad(),0.0
59,tGravityAcc-iqr()-X,0.0
520,fBodyBodyAccJerkMag-sma(),0.0
521,fBodyBodyAccJerkMag-energy(),0.0
439,fBodyGyro-energy()-X,0.0
211,tBodyAccMag-arCoeff()3,0.0
206,tBodyAccMag-energy(),0.0
277,fBodyAcc-min()-X,0.0
341,"fBodyAcc-bandsEnergy()-49,64.2",0.0
342,"fBodyAcc-bandsEnergy()-1,24.2",0.0
270,fBodyAcc-std()-Z,0.0
344,fBodyAccJerk-mean()-X,0.0
267,fBodyAcc-mean()-Z,0.0
346,fBodyAccJerk-mean()-Z,0.0
347,fBodyAccJerk-std()-X,0.0
266,fBodyAcc-mean()-Y,0.0
264,tBodyGyroJerkMag-arCoeff()4,0.0
350,fBodyAccJerk-mad()-X,0.0
263,tBodyGyroJerkMag-arCoeff()3,0.0
262,tBodyGyroJerkMag-arCoeff()2,0.0
353,fBodyAccJerk-max()-X,0.0
261,tBodyGyroJerkMag-arCoeff()1,0.0
260,tBodyGyroJerkMag-entropy(),0.0
356,fBodyAccJerk-min()-X,0.0
357,fBodyAccJerk-min()-Y,0.0
258,tBodyGyroJerkMag-energy(),0.0
359,fBodyAccJerk-sma(),0.0
360,fBodyAccJerk-energy()-X,0.0
361,fBodyAccJerk-energy()-Y,0.0
362,fBodyAccJerk-energy()-Z,0.0
257,tBodyGyroJerkMag-sma(),0.0
364,fBodyAccJerk-iqr()-Y,0.0
365,fBodyAccJerk-iqr()-Z,0.0
366,fBodyAccJerk-entropy()-X,0.0
367,fBodyAccJerk-entropy()-Y,0.0
340,"fBodyAcc-bandsEnergy()-33,48.2",0.0
278,fBodyAcc-min()-Y,0.0
255,tBodyGyroJerkMag-max(),0.0
337,"fBodyAcc-bandsEnergy()-57,64.2",0.0
305,"fBodyAcc-bandsEnergy()-25,32",0.0
304,"fBodyAcc-bandsEnergy()-17,24",0.0
301,fBodyAcc-kurtosis()-Z,0.0
313,"fBodyAcc-bandsEnergy()-49,64",0.0
299,fBodyAcc-kurtosis()-Y,0.0
315,"fBodyAcc-bandsEnergy()-25,48",0.0
297,fBodyAcc-kurtosis()-X,0.0
289,fBodyAcc-entropy()-Z,0.0
288,fBodyAcc-entropy()-Y,0.0
319,"fBodyAcc-bandsEnergy()-25,32.1",0.0
320,"fBodyAcc-bandsEnergy()-33,40.1",0.0
321,"fBodyAcc-bandsEnergy()-41,48.1",0.0
322,"fBodyAcc-bandsEnergy()-49,56.1",0.0
323,"fBodyAcc-bandsEnergy()-57,64.1",0.0
287,fBodyAcc-entropy()-X,0.0
325,"fBodyAcc-bandsEnergy()-17,32.1",0.0
326,"fBodyAcc-bandsEnergy()-33,48.1",0.0
285,fBodyAcc-iqr()-Y,0.0
328,"fBodyAcc-bandsEnergy()-1,24.1",0.0
329,"fBodyAcc-bandsEnergy()-25,48.1",0.0
283,fBodyAcc-energy()-Z,0.0
282,fBodyAcc-energy()-Y,0.0
281,fBodyAcc-energy()-X,0.0
333,"fBodyAcc-bandsEnergy()-25,32.2",0.0
279,fBodyAcc-min()-Z,0.0
335,"fBodyAcc-bandsEnergy()-41,48.2",0.0
336,"fBodyAcc-bandsEnergy()-49,56.2",0.0
368,fBodyAccJerk-entropy()-Z,0.0
254,tBodyGyroJerkMag-mad(),0.0
436,fBodyGyro-min()-Y,0.0
406,"fBodyAccJerk-bandsEnergy()-49,64.1",0.0
408,"fBodyAccJerk-bandsEnergy()-25,48.1",0.0
227,tBodyAccJerkMag-std(),0.0
410,"fBodyAccJerk-bandsEnergy()-9,16.2",0.0
226,tBodyAccJerkMag-mean(),0.0
412,"fBodyAccJerk-bandsEnergy()-25,32.2",0.0
413,"fBodyAccJerk-bandsEnergy()-33,40.2",0.0
414,"fBodyAccJerk-bandsEnergy()-41,48.2",0.0
415,"fBodyAccJerk-bandsEnergy()-49,56.2",0.0
225,tGravityAccMag-arCoeff()4,0.0
224,tGravityAccMag-arCoeff()3,0.0
223,tGravityAccMag-arCoeff()2,0.0
222,tGravityAccMag-arCoeff()1,0.0
420,"fBodyAccJerk-bandsEnergy()-49,64.2",0.0
221,tGravityAccMag-entropy(),0.0
220,tGravityAccMag-iqr(),0.0
219,tGravityAccMag-energy(),0.0
218,tGravityAccMag-sma(),0.0
425,fBodyGyro-mean()-Z,0.0
217,tGravityAccMag-min(),0.0
427,fBodyGyro-std()-Y,0.0
428,fBodyGyro-std()-Z,0.0
216,tGravityAccMag-max(),0.0
215,tGravityAccMag-mad(),0.0
214,tGravityAccMag-std(),0.0
213,tGravityAccMag-mean(),0.0
212,tBodyAccMag-arCoeff()4,0.0
208,tBodyAccMag-entropy(),0.0
407,"fBodyAccJerk-bandsEnergy()-1,24.1",0.0
229,tBodyAccJerkMag-max(),0.0
253,tBodyGyroJerkMag-std(),0.0
403,"fBodyAccJerk-bandsEnergy()-1,16.1",0.0
252,tBodyGyroJerkMag-mean(),0.0
251,tBodyGyroMag-arCoeff()4,0.0
245,tBodyGyroMag-energy(),0.0
377,fBodyAccJerk-skewness()-Y,0.0
378,fBodyAccJerk-kurtosis()-Y,0.0
244,tBodyGyroMag-sma(),0.0
242,tBodyGyroMag-max(),0.0
240,tBodyGyroMag-std(),0.0
239,tBodyGyroMag-mean(),0.0
237,tBodyAccJerkMag-arCoeff()3,0.0
384,"fBodyAccJerk-bandsEnergy()-25,32",0.0
385,"fBodyAccJerk-bandsEnergy()-33,40",0.0
236,tBodyAccJerkMag-arCoeff()2,0.0
235,tBodyAccJerkMag-arCoeff()1,0.0
234,tBodyAccJerkMag-entropy(),0.0
389,"fBodyAccJerk-bandsEnergy()-1,16",0.0
390,"fBodyAccJerk-bandsEnergy()-17,32",0.0
232,tBodyAccJerkMag-energy(),0.0
392,"fBodyAccJerk-bandsEnergy()-49,64",0.0
393,"fBodyAccJerk-bandsEnergy()-1,24",0.0
394,"fBodyAccJerk-bandsEnergy()-25,48",0.0
395,"fBodyAccJerk-bandsEnergy()-1,8.1",0.0
231,tBodyAccJerkMag-sma(),0.0
398,"fBodyAccJerk-bandsEnergy()-25,32.1",0.0
230,tBodyAccJerkMag-min(),0.0
401,"fBodyAccJerk-bandsEnergy()-49,56.1",0.0
402,"fBodyAccJerk-bandsEnergy()-57,64.1",0.0
280,fBodyAcc-sma(),0.0
